addressbase-custodian,name,region-name,country-name,organisation
114,BATH AND NORTH EAST SOMERSET,SOUTH WEST,ENGLAND,local-authority-eng:BAS
116,BRISTOL,SOUTH WEST,ENGLAND,local-authority-eng:BST
119,SOUTH GLOUCESTERSHIRE,SOUTH WEST,ENGLAND,local-authority-eng:SGC
121,NORTH SOMERSET,SOUTH WEST,ENGLAND,local-authority-eng:NSM
230,LUTON,EAST OF ENGLAND,ENGLAND,local-authority-eng:LUT
235,BEDFORD,EAST OF ENGLAND,ENGLAND,local-authority-eng:BDF
240,CENTRAL BEDFORDSHIRE,EAST OF ENGLAND,ENGLAND,local-authority-eng:CBF
335,BRACKNELL FOREST,SOUTH EAST,ENGLAND,local-authority-eng:BRC
340,WEST BERKSHIRE,SOUTH EAST,ENGLAND,local-authority-eng:WBK
345,READING,SOUTH EAST,ENGLAND,local-authority-eng:RDG
350,SLOUGH,SOUTH EAST,ENGLAND,local-authority-eng:SLG
355,WINDSOR AND MAIDENHEAD,SOUTH EAST,ENGLAND,local-authority-eng:WNM
360,WOKINGHAM,SOUTH EAST,ENGLAND,local-authority-eng:WOK
405,AYLESBURY VALE,SOUTH EAST,ENGLAND,local-authority-eng:AYL
410,SOUTH BUCKS,SOUTH EAST,ENGLAND,local-authority-eng:SBU
415,CHILTERN,SOUTH EAST,ENGLAND,local-authority-eng:CHN
425,WYCOMBE,SOUTH EAST,ENGLAND,local-authority-eng:WYO
435,MILTON KEYNES,SOUTH EAST,ENGLAND,local-authority-eng:MIK
505,CAMBRIDGE,EAST OF ENGLAND,ENGLAND,local-authority-eng:CAB
510,EAST CAMBRIDGESHIRE,EAST OF ENGLAND,ENGLAND,local-authority-eng:ECA
515,FENLAND,EAST OF ENGLAND,ENGLAND,local-authority-eng:FEN
520,HUNTINGDONSHIRE,EAST OF ENGLAND,ENGLAND,local-authority-eng:HUN
530,SOUTH CAMBRIDGESHIRE,EAST OF ENGLAND,ENGLAND,local-authority-eng:SCA
540,PETERBOROUGH,EAST OF ENGLAND,ENGLAND,local-authority-eng:PTE
650,HALTON,NORTH WEST,ENGLAND,local-authority-eng:HAL
655,WARRINGTON,NORTH WEST,ENGLAND,local-authority-eng:WRT
660,CHESHIRE EAST,NORTH WEST,ENGLAND,local-authority-eng:CHE
665,CHESHIRE WEST AND CHESTER,NORTH WEST,ENGLAND,local-authority-eng:CHW
724,HARTLEPOOL,NORTH EAST,ENGLAND,local-authority-eng:HPL
728,REDCAR AND CLEVELAND,NORTH EAST,ENGLAND,local-authority-eng:RCC
734,MIDDLESBROUGH,NORTH EAST,ENGLAND,local-authority-eng:MDB
738,STOCKTON-ON-TEES,NORTH EAST,ENGLAND,local-authority-eng:STT
835,ISLES OF SCILLY,SOUTH WEST,ENGLAND,local-authority-eng:IOS
840,CORNWALL,SOUTH WEST,ENGLAND,local-authority-eng:CON
905,ALLERDALE,NORTH WEST,ENGLAND,local-authority-eng:ALL
910,BARROW-IN-FURNESS,NORTH WEST,ENGLAND,local-authority-eng:BAR
915,CARLISLE,NORTH WEST,ENGLAND,local-authority-eng:CAR
920,COPELAND,NORTH WEST,ENGLAND,local-authority-eng:COP
925,EDEN,NORTH WEST,ENGLAND,local-authority-eng:EDN
930,SOUTH LAKELAND,NORTH WEST,ENGLAND,local-authority-eng:SLA
1005,AMBER VALLEY,EAST MIDLANDS,ENGLAND,local-authority-eng:AMB
1010,BOLSOVER,EAST MIDLANDS,ENGLAND,local-authority-eng:BOS
1015,CHESTERFIELD,EAST MIDLANDS,ENGLAND,local-authority-eng:CHS
1025,EREWASH,EAST MIDLANDS,ENGLAND,local-authority-eng:ERE
1030,HIGH PEAK,EAST MIDLANDS,ENGLAND,local-authority-eng:HIG
1035,NORTH EAST DERBYSHIRE,EAST MIDLANDS,ENGLAND,local-authority-eng:NED
1040,SOUTH DERBYSHIRE,EAST MIDLANDS,ENGLAND,local-authority-eng:SDE
1045,DERBYSHIRE DALES,EAST MIDLANDS,ENGLAND,local-authority-eng:DEB
1055,DERBY,EAST MIDLANDS,ENGLAND,local-authority-eng:DER
1105,EAST DEVON,SOUTH WEST,ENGLAND,local-authority-eng:EDE
1110,EXETER,SOUTH WEST,ENGLAND,local-authority-eng:EXE
1115,NORTH DEVON,SOUTH WEST,ENGLAND,local-authority-eng:NDE
1125,SOUTH HAMS,SOUTH WEST,ENGLAND,local-authority-eng:SHA
1130,TEIGNBRIDGE,SOUTH WEST,ENGLAND,local-authority-eng:TEI
1135,MID DEVON,SOUTH WEST,ENGLAND,local-authority-eng:MDE
1145,TORRIDGE,SOUTH WEST,ENGLAND,local-authority-eng:TOR
1150,WEST DEVON,SOUTH WEST,ENGLAND,local-authority-eng:WDE
1160,PLYMOUTH,SOUTH WEST,ENGLAND,local-authority-eng:PLY
1165,TORBAY,SOUTH WEST,ENGLAND,local-authority-eng:TOB
1210,CHRISTCHURCH,SOUTH WEST,ENGLAND,local-authority-eng:CHC
1215,NORTH DORSET,SOUTH WEST,ENGLAND,local-authority-eng:NDO
1225,PURBECK,SOUTH WEST,ENGLAND,local-authority-eng:PUR
1230,WEST DORSET,SOUTH WEST,ENGLAND,local-authority-eng:WDO
1235,WEYMOUTH AND PORTLAND,SOUTH WEST,ENGLAND,local-authority-eng:WEY
1240,EAST DORSET,SOUTH WEST,ENGLAND,local-authority-eng:EDO
1250,BOURNEMOUTH,SOUTH WEST,ENGLAND,local-authority-eng:BMH
1255,POOLE,SOUTH WEST,ENGLAND,local-authority-eng:POL
1350,DARLINGTON,NORTH EAST,ENGLAND,local-authority-eng:DAL
1355,DURHAM,NORTH EAST,ENGLAND,local-authority-eng:DUR
1410,EASTBOURNE,SOUTH EAST,ENGLAND,local-authority-eng:EAS
1415,HASTINGS,SOUTH EAST,ENGLAND,local-authority-eng:HAS
1425,LEWES,SOUTH EAST,ENGLAND,local-authority-eng:LEE
1430,ROTHER,SOUTH EAST,ENGLAND,local-authority-eng:ROH
1435,WEALDEN,SOUTH EAST,ENGLAND,local-authority-eng:WEA
1445,BRIGHTON & HOVE,SOUTH EAST,ENGLAND,local-authority-eng:BNH
1505,BASILDON,EAST OF ENGLAND,ENGLAND,local-authority-eng:BAI
1510,BRAINTREE,EAST OF ENGLAND,ENGLAND,local-authority-eng:BRA
1515,BRENTWOOD,EAST OF ENGLAND,ENGLAND,local-authority-eng:BRW
1520,CASTLE POINT,EAST OF ENGLAND,ENGLAND,local-authority-eng:CAS
1525,CHELMSFORD,EAST OF ENGLAND,ENGLAND,local-authority-eng:CHL
1530,COLCHESTER,EAST OF ENGLAND,ENGLAND,local-authority-eng:COL
1535,EPPING FOREST,EAST OF ENGLAND,ENGLAND,local-authority-eng:EPP
1540,HARLOW,EAST OF ENGLAND,ENGLAND,local-authority-eng:HAR
1545,MALDON,EAST OF ENGLAND,ENGLAND,local-authority-eng:MAL
1550,ROCHFORD,EAST OF ENGLAND,ENGLAND,local-authority-eng:ROC
1560,TENDRING,EAST OF ENGLAND,ENGLAND,local-authority-eng:TEN
1570,UTTLESFORD,EAST OF ENGLAND,ENGLAND,local-authority-eng:UTT
1590,SOUTHEND-ON-SEA,EAST OF ENGLAND,ENGLAND,local-authority-eng:SOS
1595,THURROCK,EAST OF ENGLAND,ENGLAND,local-authority-eng:THR
1605,CHELTENHAM,SOUTH WEST,ENGLAND,local-authority-eng:CHT
1610,COTSWOLD,SOUTH WEST,ENGLAND,local-authority-eng:COT
1615,FOREST OF DEAN,SOUTH WEST,ENGLAND,local-authority-eng:FOE
1620,GLOUCESTER,SOUTH WEST,ENGLAND,local-authority-eng:GLO
1625,STROUD,SOUTH WEST,ENGLAND,local-authority-eng:STO
1630,TEWKESBURY,SOUTH WEST,ENGLAND,local-authority-eng:TEW
1705,BASINGSTOKE AND DEANE,SOUTH EAST,ENGLAND,local-authority-eng:BAN
1710,EAST HAMPSHIRE,SOUTH EAST,ENGLAND,local-authority-eng:EHA
1715,EASTLEIGH,SOUTH EAST,ENGLAND,local-authority-eng:EAT
1720,FAREHAM,SOUTH EAST,ENGLAND,local-authority-eng:FAR
1725,GOSPORT,SOUTH EAST,ENGLAND,local-authority-eng:GOS
1730,HART,SOUTH EAST,ENGLAND,local-authority-eng:HAT
1735,HAVANT,SOUTH EAST,ENGLAND,local-authority-eng:HAA
1740,NEW FOREST,SOUTH EAST,ENGLAND,local-authority-eng:NEW
1750,RUSHMOOR,SOUTH EAST,ENGLAND,local-authority-eng:RUH
1760,TEST VALLEY,SOUTH EAST,ENGLAND,local-authority-eng:TES
1765,WINCHESTER,SOUTH EAST,ENGLAND,local-authority-eng:WIN
1775,PORTSMOUTH CITY COUNCIL,SOUTH EAST,ENGLAND,local-authority-eng:POR
1780,SOUTHAMPTON,SOUTH EAST,ENGLAND,local-authority-eng:STH
1805,BROMSGROVE,WEST MIDLANDS,ENGLAND,local-authority-eng:BRM
1820,MALVERN HILLS,WEST MIDLANDS,ENGLAND,local-authority-eng:MAV
1825,REDDITCH,WEST MIDLANDS,ENGLAND,local-authority-eng:RED
1835,WORCESTER,WEST MIDLANDS,ENGLAND,local-authority-eng:WOC
1840,WYCHAVON,WEST MIDLANDS,ENGLAND,local-authority-eng:WYC
1845,WYRE FOREST,WEST MIDLANDS,ENGLAND,local-authority-eng:WYE
1850,HEREFORDSHIRE,WEST MIDLANDS,ENGLAND,local-authority-eng:HEF
1905,BROXBOURNE,EAST OF ENGLAND,ENGLAND,local-authority-eng:BRX
1910,DACORUM,EAST OF ENGLAND,ENGLAND,local-authority-eng:DAC
1915,EAST HERTFORDSHIRE,EAST OF ENGLAND,ENGLAND,local-authority-eng:EHE
1920,HERTSMERE,EAST OF ENGLAND,ENGLAND,local-authority-eng:HER
1925,NORTH HERTFORDSHIRE,EAST OF ENGLAND,ENGLAND,local-authority-eng:NHE
1930,ST ALBANS,EAST OF ENGLAND,ENGLAND,local-authority-eng:SAL
1935,STEVENAGE,EAST OF ENGLAND,ENGLAND,local-authority-eng:STV
1940,THREE RIVERS,EAST OF ENGLAND,ENGLAND,local-authority-eng:THE
1945,WATFORD,EAST OF ENGLAND,ENGLAND,local-authority-eng:WAT
1950,WELWYN HATFIELD,EAST OF ENGLAND,ENGLAND,local-authority-eng:WEW
2001,EAST RIDING OF YORKSHIRE,YORKSHIRE,ENGLAND,local-authority-eng:ERY
2002,NORTH EAST LINCOLNSHIRE,YORKSHIRE,ENGLAND,local-authority-eng:NEL
2003,NORTH LINCOLNSHIRE,YORKSHIRE,ENGLAND,local-authority-eng:NLN
2004,KINGSTON UPON HULL,YORKSHIRE,ENGLAND,local-authority-eng:KHL
2114,ISLE OF WIGHT,SOUTH EAST,ENGLAND,local-authority-eng:IOW
2205,ASHFORD,SOUTH EAST,ENGLAND,local-authority-eng:ASF
2210,CANTERBURY,SOUTH EAST,ENGLAND,local-authority-eng:CAT
2215,DARTFORD,SOUTH EAST,ENGLAND,local-authority-eng:DAR
2220,DOVER,SOUTH EAST,ENGLAND,local-authority-eng:DOV
2230,GRAVESHAM,SOUTH EAST,ENGLAND,local-authority-eng:GRA
2235,MAIDSTONE,SOUTH EAST,ENGLAND,local-authority-eng:MAI
2245,SEVENOAKS,SOUTH EAST,ENGLAND,local-authority-eng:SEV
2250,Folkestone and Hythe,SOUTH EAST,ENGLAND,local-authority-eng:SHE
2255,SWALE,SOUTH EAST,ENGLAND,local-authority-eng:SWL
2260,THANET DISTRICT,SOUTH EAST,ENGLAND,local-authority-eng:THA
2265,TONBRIDGE AND MALLING,SOUTH EAST,ENGLAND,local-authority-eng:TON
2270,TUNBRIDGE WELLS,SOUTH EAST,ENGLAND,local-authority-eng:TUN
2280,MEDWAY,SOUTH EAST,ENGLAND,local-authority-eng:MDW
2315,BURNLEY,NORTH WEST,ENGLAND,local-authority-eng:BUN
2320,CHORLEY,NORTH WEST,ENGLAND,local-authority-eng:CHO
2325,FYLDE,NORTH WEST,ENGLAND,local-authority-eng:FYL
2330,HYNDBURN,NORTH WEST,ENGLAND,local-authority-eng:HYN
2335,LANCASTER CITY,NORTH WEST,ENGLAND,local-authority-eng:LAC
2340,PENDLE,NORTH WEST,ENGLAND,local-authority-eng:PEN
2345,PRESTON,NORTH WEST,ENGLAND,local-authority-eng:PRE
2350,RIBBLE VALLEY,NORTH WEST,ENGLAND,local-authority-eng:RIB
2355,ROSSENDALE,NORTH WEST,ENGLAND,local-authority-eng:ROS
2360,SOUTH RIBBLE,NORTH WEST,ENGLAND,local-authority-eng:SRI
2365,WEST LANCASHIRE,NORTH WEST,ENGLAND,local-authority-eng:WLA
2370,WYRE,NORTH WEST,ENGLAND,local-authority-eng:WYR
2372,BLACKBURN WITH DARWEN,NORTH WEST,ENGLAND,local-authority-eng:BBD
2373,BLACKPOOL,NORTH WEST,ENGLAND,local-authority-eng:BPL
2405,BLABY,EAST MIDLANDS,ENGLAND,local-authority-eng:BLA
2410,CHARNWOOD,EAST MIDLANDS,ENGLAND,local-authority-eng:CHA
2415,HARBOROUGH,EAST MIDLANDS,ENGLAND,local-authority-eng:HAO
2420,HINCKLEY AND BOSWORTH,EAST MIDLANDS,ENGLAND,local-authority-eng:HIN
2430,MELTON,EAST MIDLANDS,ENGLAND,local-authority-eng:MEL
2435,NORTH WEST LEICESTERSHIRE,EAST MIDLANDS,ENGLAND,local-authority-eng:NWL
2440,OADBY AND WIGSTON,EAST MIDLANDS,ENGLAND,local-authority-eng:OAD
2465,LEICESTER CITY,EAST MIDLANDS,ENGLAND,local-authority-eng:LCE
2470,RUTLAND,EAST MIDLANDS,ENGLAND,local-authority-eng:RUT
2505,BOSTON,EAST MIDLANDS,ENGLAND,local-authority-eng:BOT
2510,EAST LINDSEY,EAST MIDLANDS,ENGLAND,local-authority-eng:ELI
2515,LINCOLN,EAST MIDLANDS,ENGLAND,local-authority-eng:LIC
2520,NORTH KESTEVEN,EAST MIDLANDS,ENGLAND,local-authority-eng:NKE
2525,SOUTH HOLLAND,EAST MIDLANDS,ENGLAND,local-authority-eng:SHO
2530,SOUTH KESTEVEN,EAST MIDLANDS,ENGLAND,local-authority-eng:SKE
2535,WEST LINDSEY,EAST MIDLANDS,ENGLAND,local-authority-eng:WLI
2605,BRECKLAND,EAST OF ENGLAND,ENGLAND,local-authority-eng:BRE
2610,BROADLAND,EAST OF ENGLAND,ENGLAND,local-authority-eng:BRO
2615,GREAT YARMOUTH,EAST OF ENGLAND,ENGLAND,local-authority-eng:GRY
2620,NORTH NORFOLK,EAST OF ENGLAND,ENGLAND,local-authority-eng:NNO
2625,NORWICH,EAST OF ENGLAND,ENGLAND,local-authority-eng:NOW
2630,SOUTH NORFOLK,EAST OF ENGLAND,ENGLAND,local-authority-eng:SNO
2635,KINGS LYNN AND WEST NORFOLK,EAST OF ENGLAND,ENGLAND,local-authority-eng:KIN
2705,CRAVEN,YORKSHIRE,ENGLAND,local-authority-eng:CRA
2710,HAMBLETON,YORKSHIRE,ENGLAND,local-authority-eng:HAE
2715,HARROGATE,YORKSHIRE,ENGLAND,local-authority-eng:HAG
2720,RICHMONDSHIRE,YORKSHIRE,ENGLAND,local-authority-eng:RIH
2725,RYEDALE,YORKSHIRE,ENGLAND,local-authority-eng:RYE
2730,SCARBOROUGH,YORKSHIRE,ENGLAND,local-authority-eng:SCE
2735,SELBY,YORKSHIRE,ENGLAND,local-authority-eng:SEL
2741,YORK,YORKSHIRE,ENGLAND,local-authority-eng:YOR
2805,CORBY,EAST MIDLANDS,ENGLAND,local-authority-eng:COR
2810,DAVENTRY,EAST MIDLANDS,ENGLAND,local-authority-eng:DAV
2815,EAST NORTHAMPTONSHIRE,EAST MIDLANDS,ENGLAND,local-authority-eng:ENO
2820,KETTERING,EAST MIDLANDS,ENGLAND,local-authority-eng:KET
2825,NORTHAMPTON,EAST MIDLANDS,ENGLAND,local-authority-eng:NOR
2830,SOUTH NORTHAMPTONSHIRE,EAST MIDLANDS,ENGLAND,local-authority-eng:SNR
2835,WELLINGBOROUGH,EAST MIDLANDS,ENGLAND,local-authority-eng:WEL
2935,NORTHUMBERLAND,NORTH EAST,ENGLAND,local-authority-eng:NBL
3005,ASHFIELD,EAST MIDLANDS,ENGLAND,local-authority-eng:ASH
3010,BASSETLAW,EAST MIDLANDS,ENGLAND,local-authority-eng:BAE
3015,BROXTOWE,EAST MIDLANDS,ENGLAND,local-authority-eng:BRT
3020,GEDLING,EAST MIDLANDS,ENGLAND,local-authority-eng:GED
3025,MANSFIELD,EAST MIDLANDS,ENGLAND,local-authority-eng:MAS
3030,NEWARK AND SHERWOOD,EAST MIDLANDS,ENGLAND,local-authority-eng:NEA
3040,RUSHCLIFFE,EAST MIDLANDS,ENGLAND,local-authority-eng:RUS
3060,NOTTINGHAM CITY,EAST MIDLANDS,ENGLAND,local-authority-eng:NGM
3105,CHERWELL,SOUTH EAST,ENGLAND,local-authority-eng:CHR
3110,OXFORD,SOUTH EAST,ENGLAND,local-authority-eng:OXO
3115,SOUTH OXFORDSHIRE,SOUTH EAST,ENGLAND,local-authority-eng:SOX
3120,VALE OF WHITE HORSE,SOUTH EAST,ENGLAND,local-authority-eng:VAL
3125,WEST OXFORDSHIRE,SOUTH EAST,ENGLAND,local-authority-eng:WOX
3240,TELFORD AND WREKIN,WEST MIDLANDS,ENGLAND,local-authority-eng:TFW
3245,SHROPSHIRE,WEST MIDLANDS,ENGLAND,local-authority-eng:SHR
3305,MENDIP,SOUTH WEST,ENGLAND,local-authority-eng:MEN
3310,SEDGEMOOR,SOUTH WEST,ENGLAND,local-authority-eng:SEG
3315,TAUNTON DEANE,SOUTH WEST,ENGLAND,local-authority-eng:TAU
3320,WEST SOMERSET,SOUTH WEST,ENGLAND,local-authority-eng:WSO
3325,SOUTH SOMERSET,SOUTH WEST,ENGLAND,local-authority-eng:SSO
3405,CANNOCK CHASE,WEST MIDLANDS,ENGLAND,local-authority-eng:CAN
3410,EAST STAFFORDSHIRE,WEST MIDLANDS,ENGLAND,local-authority-eng:EST
3415,LICHFIELD,WEST MIDLANDS,ENGLAND,local-authority-eng:LIF
3420,NEWCASTLE-UNDER-LYME,WEST MIDLANDS,ENGLAND,local-authority-eng:NEC
3425,STAFFORD,WEST MIDLANDS,ENGLAND,local-authority-eng:STA
3430,SOUTH STAFFORDSHIRE,WEST MIDLANDS,ENGLAND,local-authority-eng:SST
3435,STAFFORDSHIRE MOORLANDS,WEST MIDLANDS,ENGLAND,local-authority-eng:STF
3445,TAMWORTH,WEST MIDLANDS,ENGLAND,local-authority-eng:TAW
3455,CITY OF STOKE-ON-TRENT,WEST MIDLANDS,ENGLAND,local-authority-eng:STE
3505,BABERGH,EAST OF ENGLAND,ENGLAND,local-authority-eng:BAB
3510,FOREST HEATH,EAST OF ENGLAND,ENGLAND,local-authority-eng:FOR
3515,IPSWICH,EAST OF ENGLAND,ENGLAND,local-authority-eng:IPS
3520,MID SUFFOLK,EAST OF ENGLAND,ENGLAND,local-authority-eng:MSU
3525,ST EDMUNDSBURY,EAST OF ENGLAND,ENGLAND,local-authority-eng:SED
3530,SUFFOLK COASTAL,EAST OF ENGLAND,ENGLAND,local-authority-eng:SUF
3535,WAVENEY,EAST OF ENGLAND,ENGLAND,local-authority-eng:WAV
3605,ELMBRIDGE,SOUTH EAST,ENGLAND,local-authority-eng:ELM
3610,EPSOM AND EWELL,SOUTH EAST,ENGLAND,local-authority-eng:EPS
3615,GUILDFORD,SOUTH EAST,ENGLAND,local-authority-eng:GRT
3620,MOLE VALLEY,SOUTH EAST,ENGLAND,local-authority-eng:MOL
3625,REIGATE AND BANSTEAD,SOUTH EAST,ENGLAND,local-authority-eng:REI
3630,RUNNYMEDE,SOUTH EAST,ENGLAND,local-authority-eng:RUN
3635,SPELTHORNE,SOUTH EAST,ENGLAND,local-authority-eng:SPE
3640,SURREY HEATH,SOUTH EAST,ENGLAND,local-authority-eng:SUR
3645,TANDRIDGE,SOUTH EAST,ENGLAND,local-authority-eng:TAN
3650,WAVERLEY,SOUTH EAST,ENGLAND,local-authority-eng:WAE
3655,WOKING,SOUTH EAST,ENGLAND,local-authority-eng:WOI
3705,NORTH WARWICKSHIRE,WEST MIDLANDS,ENGLAND,local-authority-eng:NWA
3710,NUNEATON AND BEDWORTH,WEST MIDLANDS,ENGLAND,local-authority-eng:NUN
3715,RUGBY,WEST MIDLANDS,ENGLAND,local-authority-eng:RUG
3720,STRATFORD-ON-AVON,WEST MIDLANDS,ENGLAND,local-authority-eng:STR
3725,WARWICK,WEST MIDLANDS,ENGLAND,local-authority-eng:WAW
3805,ADUR,SOUTH EAST,ENGLAND,local-authority-eng:ADU
3810,ARUN,SOUTH EAST,ENGLAND,local-authority-eng:ARU
3815,CHICHESTER,SOUTH EAST,ENGLAND,local-authority-eng:CHI
3820,CRAWLEY,SOUTH EAST,ENGLAND,local-authority-eng:CRW
3825,HORSHAM,SOUTH EAST,ENGLAND,local-authority-eng:HOR
3830,MID SUSSEX,SOUTH EAST,ENGLAND,local-authority-eng:MSS
3835,WORTHING,SOUTH EAST,ENGLAND,local-authority-eng:WOT
3935,SWINDON,SOUTH WEST,ENGLAND,local-authority-eng:SWD
3940,WILTSHIRE,SOUTH WEST,ENGLAND,local-authority-eng:WIL
4205,BOLTON,NORTH WEST,ENGLAND,local-authority-eng:BOL
4210,BURY,NORTH WEST,ENGLAND,local-authority-eng:BUR
4215,MANCHESTER,NORTH WEST,ENGLAND,local-authority-eng:MAN
4220,OLDHAM,NORTH WEST,ENGLAND,local-authority-eng:OLD
4225,ROCHDALE,NORTH WEST,ENGLAND,local-authority-eng:RCH
4230,SALFORD,NORTH WEST,ENGLAND,local-authority-eng:SLF
4235,STOCKPORT,NORTH WEST,ENGLAND,local-authority-eng:SKP
4240,TAMESIDE,NORTH WEST,ENGLAND,local-authority-eng:TAM
4245,TRAFFORD,NORTH WEST,ENGLAND,local-authority-eng:TRF
4250,WIGAN,NORTH WEST,ENGLAND,local-authority-eng:WGN
4305,KNOWSLEY,NORTH WEST,ENGLAND,local-authority-eng:KWL
4310,LIVERPOOL,NORTH WEST,ENGLAND,local-authority-eng:LIV
4315,ST HELENS COUNCIL,NORTH WEST,ENGLAND,local-authority-eng:SHN
4320,SEFTON COUNCIL,NORTH WEST,ENGLAND,local-authority-eng:SFT
4325,WIRRAL,NORTH WEST,ENGLAND,local-authority-eng:WRL
4405,BARNSLEY,YORKSHIRE,ENGLAND,local-authority-eng:BNS
4410,DONCASTER,YORKSHIRE,ENGLAND,local-authority-eng:DNC
4415,ROTHERHAM,YORKSHIRE,ENGLAND,local-authority-eng:ROT
4420,SHEFFIELD,YORKSHIRE,ENGLAND,local-authority-eng:SHF
4505,GATESHEAD,NORTH EAST,ENGLAND,local-authority-eng:GAT
4510,NEWCASTLE UPON TYNE,NORTH EAST,ENGLAND,local-authority-eng:NET
4515,NORTH TYNESIDE,NORTH EAST,ENGLAND,local-authority-eng:NTY
4520,SOUTH TYNESIDE,NORTH EAST,ENGLAND,local-authority-eng:STY
4525,SUNDERLAND,NORTH EAST,ENGLAND,local-authority-eng:SND
4605,BIRMINGHAM,WEST MIDLANDS,ENGLAND,local-authority-eng:BIR
4610,COVENTRY,WEST MIDLANDS,ENGLAND,local-authority-eng:COV
4615,DUDLEY,WEST MIDLANDS,ENGLAND,local-authority-eng:DUD
4620,SANDWELL,WEST MIDLANDS,ENGLAND,local-authority-eng:SAW
4625,SOLIHULL,WEST MIDLANDS,ENGLAND,local-authority-eng:SOL
4630,WALSALL,WEST MIDLANDS,ENGLAND,local-authority-eng:WLL
4635,WOLVERHAMPTON,WEST MIDLANDS,ENGLAND,local-authority-eng:WLV
4705,BRADFORD MDC,YORKSHIRE,ENGLAND,local-authority-eng:BRD
4710,CALDERDALE,YORKSHIRE,ENGLAND,local-authority-eng:CLD
4715,KIRKLEES,YORKSHIRE,ENGLAND,local-authority-eng:KIR
4720,LEEDS,YORKSHIRE,ENGLAND,local-authority-eng:LDS
4725,WAKEFIELD,YORKSHIRE,ENGLAND,local-authority-eng:WKF
5030,CITY OF LONDON,GREATER LONDON,ENGLAND,local-authority-eng:LND
5060,BARKING AND DAGENHAM,GREATER LONDON,ENGLAND,local-authority-eng:BDG
5090,BARNET,GREATER LONDON,ENGLAND,local-authority-eng:BNE
5120,BEXLEY,GREATER LONDON,ENGLAND,local-authority-eng:BEX
5150,BRENT,GREATER LONDON,ENGLAND,local-authority-eng:BEN
5180,LONDON BOROUGH OF BROMLEY,GREATER LONDON,ENGLAND,local-authority-eng:BRY
5210,CAMDEN,GREATER LONDON,ENGLAND,local-authority-eng:CMD
5240,CROYDON,GREATER LONDON,ENGLAND,local-authority-eng:CRY
5270,EALING,GREATER LONDON,ENGLAND,local-authority-eng:EAL
5300,ENFIELD,GREATER LONDON,ENGLAND,local-authority-eng:ENF
5330,GREENWICH,GREATER LONDON,ENGLAND,local-authority-eng:GRE
5360,HACKNEY,GREATER LONDON,ENGLAND,local-authority-eng:HCK
5390,HAMMERSMITH AND FULHAM,GREATER LONDON,ENGLAND,local-authority-eng:HMF
5420,LONDON BOROUGH OF HARINGEY,GREATER LONDON,ENGLAND,local-authority-eng:HRY
5450,HARROW,GREATER LONDON,ENGLAND,local-authority-eng:HRW
5480,HAVERING,GREATER LONDON,ENGLAND,local-authority-eng:HAV
5510,HILLINGDON,GREATER LONDON,ENGLAND,local-authority-eng:HIL
5540,LONDON BOROUGH OF HOUNSLOW,GREATER LONDON,ENGLAND,local-authority-eng:HNS
5570,ISLINGTON,GREATER LONDON,ENGLAND,local-authority-eng:ISL
5600,KENSINGTON AND CHELSEA,GREATER LONDON,ENGLAND,local-authority-eng:KEC
5630,KINGSTON UPON THAMES,GREATER LONDON,ENGLAND,local-authority-eng:KTT
5660,LAMBETH,GREATER LONDON,ENGLAND,local-authority-eng:LBH
5690,LEWISHAM,GREATER LONDON,ENGLAND,local-authority-eng:LEW
5720,MERTON,GREATER LONDON,ENGLAND,local-authority-eng:MRT
5750,NEWHAM,GREATER LONDON,ENGLAND,local-authority-eng:NWM
5780,REDBRIDGE,GREATER LONDON,ENGLAND,local-authority-eng:RDB
5810,RICHMOND UPON THAMES,GREATER LONDON,ENGLAND,local-authority-eng:RIC
5840,SOUTHWARK,GREATER LONDON,ENGLAND,local-authority-eng:SWK
5870,SUTTON,GREATER LONDON,ENGLAND,local-authority-eng:STN
5900,TOWER HAMLETS,GREATER LONDON,ENGLAND,local-authority-eng:TWH
5930,WALTHAM FOREST,GREATER LONDON,ENGLAND,local-authority-eng:WFT
5960,WANDSWORTH,GREATER LONDON,ENGLAND,local-authority-eng:WND
5990,CITY OF WESTMINSTER,GREATER LONDON,ENGLAND,local-authority-eng:WSM
6805,ISLE OF ANGLESEY,WALES,WALES,principal-local-authority:AGY
6810,GWYNEDD,WALES,WALES,principal-local-authority:GWN
6815,CARDIFF,WALES,WALES,principal-local-authority:CRF
6820,CEREDIGION,WALES,WALES,principal-local-authority:CGN
6825,CARMARTHENSHIRE,WALES,WALES,principal-local-authority:CMN
6830,DENBIGHSHIRE,WALES,WALES,principal-local-authority:DEN
6835,FLINTSHIRE,WALES,WALES,principal-local-authority:FLN
6840,MONMOUTHSHIRE,WALES,WALES,principal-local-authority:MON
6845,PEMBROKESHIRE,WALES,WALES,principal-local-authority:PEM
6850,POWYS,WALES,WALES,principal-local-authority:POW
6855,SWANSEA,WALES,WALES,principal-local-authority:SWA
6905,CONWY,WALES,WALES,principal-local-authority:CWY
6910,BLAENAU GWENT,WALES,WALES,principal-local-authority:BGW
6915,BRIDGEND COUNTY BOROUGH,WALES,WALES,principal-local-authority:BGE
6920,CAERPHILLY COUNTY BOROUGH,WALES,WALES,principal-local-authority:CAY
6925,MERTHYR TYDFIL UA,WALES,WALES,principal-local-authority:MTY
6930,NEATH PORT TALBOT,WALES,WALES,principal-local-authority:NTL
6935,NEWPORT,WALES,WALES,principal-local-authority:NWP
6940,RHONDDA CYNON TAFF,WALES,WALES,principal-local-authority:RCT
6945,TORFAEN,WALES,WALES,principal-local-authority:TOF
6950,VALE OF GLAMORGAN,WALES,WALES,principal-local-authority:VGL
6955,WREXHAM,WALES,WALES,principal-local-authority:WRX
9000,ORKNEY ISLANDS,SCOTLAND,SCOTLAND,local-authority-sct:ORK
9010,SHETLAND ISLANDS,SCOTLAND,SCOTLAND,local-authority-sct:ZET
9020,WESTERN ISLES,SCOTLAND,SCOTLAND,local-authority-sct:ELS
9051,CITY OF ABERDEEN,SCOTLAND,SCOTLAND,local-authority-sct:ABE
9052,ABERDEENSHIRE,SCOTLAND,SCOTLAND,local-authority-sct:ABD
9053,ANGUS,SCOTLAND,SCOTLAND,local-authority-sct:ANS
9054,ARGYLL AND BUTE,SCOTLAND,SCOTLAND,local-authority-sct:AGB
9055,SCOTTISH BORDERS,SCOTLAND,SCOTLAND,local-authority-sct:SCB
9056,CLACKMANNAN,SCOTLAND,SCOTLAND,local-authority-sct:CLK
9057,WEST DUNBARTONSHIRE,SCOTLAND,SCOTLAND,local-authority-sct:WDU
9058,DUMFRIES AND GALLOWAY,SCOTLAND,SCOTLAND,local-authority-sct:DGY
9059,CITY OF DUNDEE,SCOTLAND,SCOTLAND,local-authority-sct:DND
9060,EAST AYRSHIRE,SCOTLAND,SCOTLAND,local-authority-sct:EAY
9061,EAST DUNBARTONSHIRE,SCOTLAND,SCOTLAND,local-authority-sct:EDU
9062,EAST LOTHIAN,SCOTLAND,SCOTLAND,local-authority-sct:ELN
9063,EAST RENFREWSHIRE,SCOTLAND,SCOTLAND,local-authority-sct:ERW
9064,CITY OF EDINBURGH,SCOTLAND,SCOTLAND,local-authority-sct:EDH
9065,FALKIRK,SCOTLAND,SCOTLAND,local-authority-sct:FAL
9066,FIFE,SCOTLAND,SCOTLAND,local-authority-sct:FIF
9067,CITY OF GLASGOW,SCOTLAND,SCOTLAND,local-authority-sct:GLG
9068,HIGHLAND,SCOTLAND,SCOTLAND,local-authority-sct:HLD
9069,INVERCLYDE,SCOTLAND,SCOTLAND,local-authority-sct:IVC
9070,MIDLOTHIAN,SCOTLAND,SCOTLAND,local-authority-sct:MLN
9071,MORAY,SCOTLAND,SCOTLAND,local-authority-sct:MRY
9072,NORTH AYRSHIRE,SCOTLAND,SCOTLAND,local-authority-sct:NAY
9073,NORTH LANARKSHIRE,SCOTLAND,SCOTLAND,local-authority-sct:NLK
9074,PERTH AND KINROSS,SCOTLAND,SCOTLAND,local-authority-sct:PKN
9075,RENFREWSHIRE,SCOTLAND,SCOTLAND,local-authority-sct:RFW
9076,SOUTH AYRSHIRE,SCOTLAND,SCOTLAND,local-authority-sct:SAY
9077,SOUTH LANARKSHIRE,SCOTLAND,SCOTLAND,local-authority-sct:SLK
9078,STIRLING,SCOTLAND,SCOTLAND,local-authority-sct:STG
9079,WEST LOTHIAN,SCOTLAND,SCOTLAND,local-authority-sct:WLN
7655,ORDNANCE SURVEY,NATIONAL,NATIONAL,government-organisation:D38
