combined-authority,organisation
local-authority-eng:GMCA,local-authority-eng:BOL
local-authority-eng:GMCA,local-authority-eng:BUR
local-authority-eng:GMCA,local-authority-eng:MAN
local-authority-eng:GMCA,local-authority-eng:OLD
local-authority-eng:GMCA,local-authority-eng:RCH
local-authority-eng:GMCA,local-authority-eng:SLF
local-authority-eng:GMCA,local-authority-eng:SKP
local-authority-eng:GMCA,local-authority-eng:TAM
local-authority-eng:GMCA,local-authority-eng:TRF
local-authority-eng:GMCA,local-authority-eng:WGN
local-authority-eng:SCR,local-authority-eng:BNS
local-authority-eng:SCR,local-authority-eng:DNC
local-authority-eng:SCR,local-authority-eng:ROT
local-authority-eng:SCR,local-authority-eng:SHF
local-authority-eng:WYCA,local-authority-eng:BRD
local-authority-eng:WYCA,local-authority-eng:CLD
local-authority-eng:WYCA,local-authority-eng:KIR
local-authority-eng:WYCA,local-authority-eng:LDS
local-authority-eng:WYCA,local-authority-eng:WKF
local-authority-eng:LCR,local-authority-eng:HAL
local-authority-eng:LCR,local-authority-eng:KWL
local-authority-eng:LCR,local-authority-eng:LIV
local-authority-eng:LCR,local-authority-eng:SHN
local-authority-eng:LCR,local-authority-eng:SFT
local-authority-eng:LCR,local-authority-eng:WRL
local-authority-eng:TVCA,local-authority-eng:HPL
local-authority-eng:TVCA,local-authority-eng:MDB
local-authority-eng:TVCA,local-authority-eng:RCC
local-authority-eng:TVCA,local-authority-eng:STT
local-authority-eng:TVCA,local-authority-eng:DAL
local-authority-eng:WMCA,local-authority-eng:BIR
local-authority-eng:WMCA,local-authority-eng:COV
local-authority-eng:WMCA,local-authority-eng:DUD
local-authority-eng:WMCA,local-authority-eng:SAW
local-authority-eng:WMCA,local-authority-eng:SOL
local-authority-eng:WMCA,local-authority-eng:WLL
local-authority-eng:WMCA,local-authority-eng:WLV
local-authority-eng:CPCA,local-authority-eng:PTE
local-authority-eng:CPCA,local-authority-eng:CAB
local-authority-eng:CPCA,local-authority-eng:ECA
local-authority-eng:CPCA,local-authority-eng:FEN
local-authority-eng:CPCA,local-authority-eng:HUN
local-authority-eng:CPCA,local-authority-eng:SCA
local-authority-eng:WECA,local-authority-eng:BAS
local-authority-eng:WECA,local-authority-eng:BST
local-authority-eng:WECA,local-authority-eng:SGC
local-authority-eng:NECA,local-authority-eng:DUR
local-authority-eng:NECA,local-authority-eng:STY
local-authority-eng:NECA,local-authority-eng:SND
local-authority-eng:NECA,local-authority-eng:GAT
local-authority-eng:NTCA,local-authority-eng:NBL
local-authority-eng:NTCA,local-authority-eng:NET
local-authority-eng:NTCA,local-authority-eng:NTY
